id,nombre,email,edad,ciudad,fecha_nacimiento,numero_certificado,sexo
1,Luisa Carrera Barroso,eutropiobravo@example.com,74,Zaragoza,1971-03-09,547829,M
2,Cristian Murcia,cesar23@example.net,55,Álava,1943-01-08,995112,M
3,Gala del Ortega,felipa93@example.com,63,Alicante,1947-01-29,138226,M
4,Abraham Bejarano,roigmaricruz@example.com,68,Salamanca,1952-08-31,312154,F
5,María Dolores Mosquera-Barriga,tapiaafrica@example.org,40,Huelva,1941-04-26,647930,M
6,Segismundo Ripoll Bermúdez,pinamarino@example.net,71,Salamanca,1946-06-08,729300,F
7,Clotilde Valverde Casares,claudia77@example.net,53,Zaragoza,1944-10-12,819230,F
8,Amílcar España Salazar,adora51@example.org,46,Segovia,1975-05-10,925814,F
9,Reynaldo Gilabert Quintanilla,roselloisaura@example.com,67,Cádiz,1941-11-26,824060,F
10,Mamen Sáez Piña,antondionisia@example.com,51,Badajoz,1965-11-03,578807,F
11,Tomasa Rojas Rojas,lluna@example.com,44,Málaga,1953-04-12,161964,M
12,Luis Ángel Leon Lobo,esmeraldaavila@example.net,85,Cantabria,1965-03-13,469383,M
13,Calixta Bernat Arce,znunez@example.com,55,Baleares,1948-01-17,794110,F
14,Cesar Paredes-Lara,escolanoisa@example.com,59,Álava,1943-12-22,750180,F
15,Cristian Enríquez Cortés,zelias@example.org,40,Huelva,1951-05-03,320689,M
16,Ignacio Sánchez-Arnau,casemiro71@example.com,45,Cuenca,1960-11-10,445486,M
17,Loreto Boix,emayol@example.com,69,Zaragoza,1957-05-18,851729,F
18,Isabela Izaguirre Alcolea,ygallart@example.com,75,Cuenca,1943-08-23,118716,M
19,Hernán Benavente Montenegro,cesar71@example.net,70,Ourense,1952-06-11,630197,F
20,Carolina Mariscal Cerdán,demetrioribas@example.net,48,Lleida,1941-11-13,906227,M
21,Nacho Real Alemán,hgargallo@example.com,49,Barcelona,1966-10-20,482124,M
22,Flavio Carro Aramburu,caballeroalbano@example.com,74,Cuenca,1944-04-06,146172,M
23,Paca Carrasco Menendez,balaguerconsuela@example.com,49,Segovia,1974-10-21,833434,M
24,Onofre Albero Carretero,villalongarosendo@example.com,40,Teruel,1960-05-20,998371,F
25,Zoraida Peláez Campoy,narvaezloida@example.com,81,Salamanca,1976-01-07,613593,M
26,Manuela Rodríguez Coronado,maricruz58@example.com,59,Cádiz,1983-08-11,571974,F
27,Dionisia Nuria Frutos Caro,kolive@example.org,51,Tarragona,1975-07-01,218634,M
28,Primitiva Tapia Vazquez,wbastida@example.org,61,Castellón,1958-12-27,489163,M
29,Cándida Villaverde Armas,puertadelia@example.net,68,Vizcaya,1947-11-24,911345,M
30,Maxi Escobar Alberola,soniapacheco@example.com,53,Almería,1969-01-23,140895,F
31,Tomasa del Goicoechea,oandres@example.com,64,La Rioja,1977-12-22,346565,F
32,Amor Pedrosa Riquelme,perlita66@example.com,79,Granada,1977-08-15,808816,M
33,Fidela Pedrero Cózar,sanabriaesmeralda@example.net,76,Valladolid,1963-01-20,881719,F
34,Pánfilo Puga Company,merchemurcia@example.com,49,Badajoz,1967-09-30,356269,M
35,Vilma del Gutierrez,fernanda49@example.net,62,Ourense,1941-06-30,704444,M
36,Baudelio Camacho Alfaro,uagusti@example.net,46,Lleida,1943-03-10,936314,M
37,Eloísa Antón Contreras,milagrossilva@example.org,69,Zaragoza,1978-02-25,495766,F
38,Evangelina Julie Estevez Camacho,fportillo@example.net,69,Tarragona,1979-08-29,881247,F
39,Maximiano Aranda Quintana,zabaletaefrain@example.org,55,La Coruña,1957-11-30,577157,M
40,Narcisa Diaz Maestre,cesar99@example.net,51,Salamanca,1961-07-14,392016,F
41,Rafaela Nebot,casemiro06@example.com,76,León,1969-10-31,249973,M
42,Ainoa Guitart Font,nbatlle@example.net,75,Alicante,1949-01-10,664404,M
43,Pía María Ángeles Giralt Contreras,alcalajordana@example.org,69,Toledo,1966-11-14,835695,M
44,Juan Pablo Niño Maestre,jesusa35@example.com,48,Málaga,1955-10-19,245209,M
45,Malena Roura,encarnacastillo@example.org,50,Sevilla,1959-10-21,918503,M
46,Humberto Calderon Manjón,damian78@example.org,82,Badajoz,1957-01-29,123793,M
47,Aurelia Sanchez Valcárcel,felipa63@example.net,44,Valladolid,1968-03-12,390900,F
48,Yago Viñas Menendez,ichaves@example.com,73,Cuenca,1942-05-03,503453,F
49,Aroa Bárcena Calatayud,candido55@example.net,70,Badajoz,1965-09-16,734243,F
50,Nazaret Castejón Farré,rodenasnico@example.com,70,Valencia,1974-09-09,155054,M
51,Noemí Leonor Pi Alonso,velascoadolfo@example.org,65,Melilla,1981-12-21,864385,F
52,Rosalina de Ros,penalvercrescencia@example.com,42,Palencia,1966-01-11,406046,F
53,Perlita Perla Barba Sanz,rosalindaexposito@example.org,78,La Coruña,1962-01-26,675725,M
54,Benita Carbonell-Cortés,jose-miguelsantana@example.com,69,Cáceres,1956-01-18,614089,F
55,Miriam Casanova Figueroa,spinedo@example.org,70,Salamanca,1942-05-30,762210,M
56,Samu Roberto Nadal Sandoval,almudenaalcolea@example.org,48,Salamanca,1954-04-11,775484,F
57,Cristian Corominas,jenny80@example.net,60,Soria,1951-03-30,135265,F
58,Sigfrido Murillo Domínguez,lealvera@example.com,68,Sevilla,1943-11-09,274721,F
59,Begoña Alcalá Herrera,rebolloedmundo@example.net,42,Girona,1978-11-01,364747,F
60,Julie Bayona,roque14@example.com,70,Jaén,1969-05-20,424509,F
61,Isidro Anastasio Correa Jódar,qcamara@example.org,74,Melilla,1979-07-25,902579,M
62,Manu Marti Company,omoliner@example.org,80,Cuenca,1968-08-02,610278,M
63,Clotilde Miguel-Rosales,horacioescribano@example.org,55,Guadalajara,1976-03-12,472236,F
64,Lucas de Cañete,herminio76@example.com,75,Jaén,1984-05-29,209837,M
65,Mireia Cabello Mateos,jordanarcos@example.org,48,Guipúzcoa,1948-10-03,753090,M
66,Yaiza Tirado Ballester,mariscalsalomon@example.net,81,Navarra,1976-01-16,156752,M
67,Encarnacion Ibañez Carretero,catalina03@example.net,59,Sevilla,1959-12-02,683418,F
68,Julio Villalba Patiño,clluch@example.net,77,Valladolid,1945-08-02,362284,M
69,Anselmo Coronado Alcántara,scanellas@example.org,56,Vizcaya,1946-02-14,435336,M
70,Camilo Puente Llano,strujillo@example.org,72,Santa Cruz de Tenerife,1971-11-16,750375,F
71,Amada Pujol-Font,gguillen@example.org,75,León,1974-12-09,918200,M
72,Marina Redondo Tejada,albert20@example.net,85,Ciudad,1966-08-19,529576,M
73,Custodio Roman-Sanjuan,sevillanoeliseo@example.com,40,Segovia,1967-07-24,145306,M
74,Fabricio Alegria Álvarez,ruperta35@example.com,81,Jaén,1960-07-06,334858,F
75,Goyo Hoz-Morcillo,ocases@example.net,68,Toledo,1957-10-18,974639,M
76,Reynaldo Arias-Arenas,pintonicolasa@example.com,56,Huesca,1985-07-04,160518,M
77,Olivia Santamaria-Roman,juancalzada@example.org,54,Granada,1973-02-20,729218,F
78,Federico Guzman Sanabria,tamara65@example.org,72,Teruel,1964-10-01,451218,F
79,Duilio David Paniagua Carvajal,cebrianariza@example.org,58,Albacete,1947-05-12,710037,M
80,Dulce Falcón Menendez,esperanzagonzalez@example.org,44,Asturias,1955-07-18,832334,M
81,Ale Hoz Velázquez,xoliveras@example.org,51,Jaén,1959-02-11,442869,F
82,Anita de Prat,carolina83@example.com,45,Segovia,1954-06-22,958692,M
83,César Cerdán Oliver,elvira85@example.com,79,Valencia,1941-07-07,984168,M
84,Fátima Manzanares Manzanares,arielamoros@example.net,45,Almería,1943-11-01,260854,F
85,Cristóbal León Bertrán Raya,isidoro22@example.com,69,Burgos,1961-08-11,188238,M
86,Odalys del Armas,cirogordillo@example.net,69,Valladolid,1979-08-31,178442,F
87,Hector Alfredo Carballo Mayol,eugenia42@example.org,53,Cádiz,1968-08-24,505668,F
88,Alonso Sabater Benavent,domingo46@example.com,48,Ávila,1963-01-04,199228,M
89,María Jesús Luque Sanchez,emiliana13@example.com,62,Ourense,1983-11-29,651092,F
90,Valeria Peral Machado,virginia20@example.com,71,Albacete,1945-04-22,695468,M
91,Mar Pomares-Acuña,ceciliabarrios@example.net,78,Zaragoza,1950-02-01,204228,F
92,Plinio Elías Santiago Aller,lina76@example.net,71,Navarra,1961-10-12,442938,M
93,Goyo Coca Vall,marisaherranz@example.net,40,Cádiz,1977-07-23,588925,M
94,Roxana Grau Alegre,tballester@example.net,41,Lleida,1946-10-19,634818,F
95,Julia Garzón,lucho76@example.com,42,Teruel,1945-02-02,262465,F
96,Severino Frías,zairapadilla@example.org,71,Zamora,1973-09-18,772653,M
97,Abraham Beltran Exposito,groig@example.net,45,Álava,1968-08-01,201187,F
98,Macaria de Alberto,gmanzanares@example.net,85,Badajoz,1954-11-03,478681,F
99,Cecilio Daza,sosimoluque@example.org,85,Pontevedra,1948-05-05,912555,F
100,Fabiola de Canals,canetabraham@example.org,72,Madrid,1953-08-30,712948,M
